txn_id,account_id,amount,txn_type,counterparty_id,failure_status,reference,created_at
1,16,100,TRANSFER_OUT,IMPS:External,FAILURE: LOCKED ACCOUNT,REF20250827-GXPBWH,27-04-2025 15:38
2,17,110.4,WITHDRAWAL,IMPS:External,FAILURE: REPEATED TRANSACTION,REF20250827-HKZ2U2,04-01-2025 06:48
3,46,100,WITHDRAWAL,UPI:paytm,FAILURE: REPEATED TRANSACTION,REF20250827-QJ5SXV,05-06-2025 14:17
4,63,292.9,TRANSFER_IN,Salary:ACME Corp,FAILURE: REPEATED TRANSACTION,REF20250827-MQGY27,23-04-2025 03:05
5,2,100,TRANSFER_OUT,Salary:ACME Corp,SUCCESS,REF20250827-EKGYSP,10-10-2022 20:55
6,51,100,WITHDRAWAL,UPI:paytm,SUCCESS,REF20250827-RT77GG,15-08-2023 05:06
7,32,100,DEPOSIT,NEFT:External,SUCCESS,REF20250827-QBMAE3,24-02-2025 18:24
8,54,100,TRANSFER_OUT,Vendor:Amazon,SUCCESS,REF20250827-YO4RCB,28-03-2023 10:38
9,5,100,DEPOSIT,UPI:paytm,FAILURE: TRANSACTION LIMIT EXCEEDED,REF20250827-TGQ01T,20-08-2022 20:51
10,47,100,DEPOSIT,NEFT:External,SUCCESS,REF20250827-T9T11P,24-03-2023 15:28
11,62,100,DEPOSIT,NEFT:External,SUCCESS,REF20250827-XI5BJ5,28-06-2022 15:59
12,37,100,PAYMENT,UPI:phonepe,FAILURE: TRANSACTION LIMIT EXCEEDED,REF20250827-1I3VMZ,19-07-2025 15:35
13,65,100,DEPOSIT,UPI:paytm,FAILURE: REPEATED TRANSACTION,REF20250827-232UTV,11-12-2022 11:47
14,45,100,PAYMENT,Salary:ACME Corp,SUCCESS,REF20250827-KJ49YD,22-04-2024 02:09
15,15,104.07,PAYMENT,NEFT:External,SUCCESS,REF20250827-XZEFLI,15-03-2024 17:49
16,21,133.53,DEPOSIT,IMPS:External,SUCCESS,REF20250827-JOQW5D,21-11-2024 10:07
17,19,100,TRANSFER_OUT,Salary:ACME Corp,FAILURE: REPEATED TRANSACTION,REF20250827-QRU54D,27-07-2024 23:06
18,82,158.62,TRANSFER_OUT,Salary:ACME Corp,FAILURE: TRANSACTION LIMIT EXCEEDED,REF20250827-42O83R,24-10-2023 10:19
19,14,100,WITHDRAWAL,Card:VISA,FAILURE: REPEATED TRANSACTION,REF20250827-E4261B,06-07-2025 16:43
20,34,100,DEPOSIT,NEFT:External,FAILURE: TRANSACTION LIMIT EXCEEDED,REF20250827-FQ9P96,11-09-2023 05:47
21,19,159.65,PAYMENT,Salary:ACME Corp,SUCCESS,REF20250827-DMCXXB,05-07-2025 11:07
22,68,101.36,TRANSFER_OUT,NEFT:External,FAILURE: TRANSACTION LIMIT EXCEEDED,REF20250827-IXZARE,09-04-2023 18:54
23,82,100,TRANSFER_OUT,UPI:phonepe,FAILURE: TRANSACTION LIMIT EXCEEDED,REF20250827-AME4YR,14-04-2023 13:56
24,15,100,DEPOSIT,NEFT:External,FAILURE: LOCKED ACCOUNT,REF20250827-DL5E11,30-09-2022 23:21
25,22,429.15,PAYMENT,UPI:paytm,FAILURE: LOCKED ACCOUNT,REF20250827-CUVFMH,07-11-2022 14:59
26,41,165.84,TRANSFER_IN,Vendor:Amazon,FAILURE: LOCKED ACCOUNT,REF20250827-4DD1VN,29-05-2024 11:27
27,18,126.21,TRANSFER_OUT,UPI:paytm,FAILURE: TRANSACTION LIMIT EXCEEDED,REF20250827-JDTVV2,24-02-2022 23:58
28,67,100,PAYMENT,UPI:paytm,FAILURE: TRANSACTION LIMIT EXCEEDED,REF20250827-SS0KB6,06-05-2023 18:01
29,75,100,WITHDRAWAL,UPI:paytm,FAILURE: REPEATED TRANSACTION,REF20250827-RVT997,28-09-2022 14:05
30,10,100,PAYMENT,Card:VISA,FAILURE: REPEATED TRANSACTION,REF20250827-PTGQ9C,17-04-2025 02:27
31,6,100,DEPOSIT,UPI:paytm,FAILURE: REPEATED TRANSACTION,REF20250827-BC2SWS,30-04-2024 15:25
32,83,152.8,TRANSFER_OUT,UPI:phonepe,FAILURE: LOCKED ACCOUNT,REF20250827-XTFDC7,15-11-2022 19:31
33,74,100,WITHDRAWAL,Card:VISA,FAILURE: LOCKED ACCOUNT,REF20250827-W4YCZ0,04-05-2023 02:06
34,5,100,DEPOSIT,Vendor:Amazon,FAILURE: REPEATED TRANSACTION,REF20250827-EWBXXG,26-01-2022 04:59
35,21,100,TRANSFER_OUT,UPI:paytm,FAILURE: TRANSACTION LIMIT EXCEEDED,REF20250827-RMS3JN,05-07-2023 04:17
36,66,116.96,TRANSFER_OUT,UPI:phonepe,FAILURE: REPEATED TRANSACTION,REF20250827-MPSJ9W,13-10-2024 16:34
37,41,114.9,TRANSFER_IN,UPI:phonepe,FAILURE: LOCKED ACCOUNT,REF20250827-RUNJDU,25-08-2022 08:18
38,51,138.03,TRANSFER_OUT,UPI:phonepe,FAILURE: REPEATED TRANSACTION,REF20250827-B5IQNF,14-03-2022 20:07
39,76,100,TRANSFER_OUT,IMPS:External,FAILURE: REPEATED TRANSACTION,REF20250827-0PLOZJ,09-06-2022 20:48
40,45,100,WITHDRAWAL,Card:VISA,FAILURE: REPEATED TRANSACTION,REF20250827-YBISBO,10-08-2024 10:16
41,42,100,TRANSFER_OUT,Salary:ACME Corp,FAILURE: TRANSACTION LIMIT EXCEEDED,REF20250827-LTAHUK,29-06-2025 08:49
42,67,156.74,TRANSFER_IN,Card:VISA,FAILURE: TRANSACTION LIMIT EXCEEDED,REF20250827-8910T2,05-11-2022 00:13
43,23,100,PAYMENT,UPI:phonepe,FAILURE: REPEATED TRANSACTION,REF20250827-IM458A,10-02-2024 11:11
44,67,100,DEPOSIT,Card:VISA,SUCCESS,REF20250827-9P89FK,31-03-2022 08:25
45,79,106.65,PAYMENT,Card:VISA,FAILURE: REPEATED TRANSACTION,REF20250827-O6Q0US,29-07-2025 14:21
46,71,100,DEPOSIT,Card:VISA,SUCCESS,REF20250827-CXEK47,15-03-2024 11:52
47,28,100,WITHDRAWAL,Salary:ACME Corp,SUCCESS,REF20250827-I7E1DD,09-07-2024 16:58
48,39,129.72,WITHDRAWAL,UPI:phonepe,FAILURE: TRANSACTION LIMIT EXCEEDED,REF20250827-T8HLJE,19-11-2022 11:04
49,34,100,TRANSFER_OUT,IMPS:External,FAILURE: TRANSACTION LIMIT EXCEEDED,REF20250827-VH4FZ8,22-03-2024 18:41
50,14,100,DEPOSIT,Salary:ACME Corp,FAILURE: REPEATED TRANSACTION,REF20250827-J9BOQ0,27-05-2023 03:26
51,64,100,TRANSFER_IN,NEFT:External,FAILURE: LOCKED ACCOUNT,REF20250827-2EC2IH,31-03-2024 13:33
52,29,144.25,TRANSFER_OUT,IMPS:External,FAILURE: TRANSACTION LIMIT EXCEEDED,REF20250827-DV7C9H,27-06-2024 04:41
53,2,100,DEPOSIT,NEFT:External,FAILURE: REPEATED TRANSACTION,REF20250827-3LBQGU,19-03-2024 18:03
54,29,104.5,DEPOSIT,IMPS:External,FAILURE: TRANSACTION LIMIT EXCEEDED,REF20250827-PM6JQF,11-06-2025 22:32
55,47,100,TRANSFER_IN,IMPS:External,FAILURE: LOCKED ACCOUNT,REF20250827-KOTCKE,13-02-2023 23:23
56,22,100,PAYMENT,Card:VISA,FAILURE: LOCKED ACCOUNT,REF20250827-I9TANZ,09-09-2024 19:49
57,9,214.56,TRANSFER_OUT,Salary:ACME Corp,FAILURE: REPEATED TRANSACTION,REF20250827-6SNGLH,30-07-2023 02:07
58,64,132.83,TRANSFER_OUT,Vendor:Amazon,SUCCESS,REF20250827-T199DX,30-06-2023 19:25
59,28,100,TRANSFER_OUT,IMPS:External,FAILURE: LOCKED ACCOUNT,REF20250827-C9H42M,22-12-2022 06:24
60,81,138.44,DEPOSIT,Salary:ACME Corp,FAILURE: LOCKED ACCOUNT,REF20250827-3Z6BZ8,28-02-2025 05:10
61,12,100,TRANSFER_IN,UPI:paytm,FAILURE: LOCKED ACCOUNT,REF20250827-438TGB,26-04-2022 08:28
62,82,100,TRANSFER_IN,UPI:phonepe,FAILURE: TRANSACTION LIMIT EXCEEDED,REF20250827-SA7HEZ,25-10-2023 02:10
63,8,100,DEPOSIT,Card:VISA,FAILURE: REPEATED TRANSACTION,REF20250827-ZFDSNC,21-03-2024 21:20
64,46,127.14,DEPOSIT,Salary:ACME Corp,SUCCESS,REF20250827-L90PXR,12-10-2023 06:20
65,79,125.12,TRANSFER_OUT,Card:VISA,FAILURE: REPEATED TRANSACTION,REF20250827-Y72IVG,21-09-2023 10:43
66,26,100,DEPOSIT,IMPS:External,SUCCESS,REF20250827-AZU41U,08-01-2023 21:55
67,36,100,WITHDRAWAL,NEFT:External,FAILURE: TRANSACTION LIMIT EXCEEDED,REF20250827-8HU7F0,03-05-2023 12:37
68,79,100,PAYMENT,UPI:paytm,SUCCESS,REF20250827-W83Y0M,24-01-2022 09:39
69,70,100,DEPOSIT,IMPS:External,FAILURE: TRANSACTION LIMIT EXCEEDED,REF20250827-CJDAN0,07-12-2022 15:04
70,50,473.91,TRANSFER_IN,Vendor:Amazon,FAILURE: REPEATED TRANSACTION,REF20250827-MN32U1,07-04-2023 05:55
71,61,106.33,TRANSFER_IN,NEFT:External,SUCCESS,REF20250827-4KL8CG,08-02-2024 05:51
72,45,100,TRANSFER_OUT,Card:VISA,FAILURE: TRANSACTION LIMIT EXCEEDED,REF20250827-79M96Z,02-06-2024 23:47
73,75,251.27,DEPOSIT,Vendor:Amazon,SUCCESS,REF20250827-FDHGZZ,11-01-2025 09:39
74,37,100,TRANSFER_OUT,Salary:ACME Corp,FAILURE: LOCKED ACCOUNT,REF20250827-IBU4FM,25-05-2024 03:11
75,21,100,WITHDRAWAL,IMPS:External,SUCCESS,REF20250827-WRDHW9,27-08-2024 04:12
76,72,100,WITHDRAWAL,Vendor:Amazon,FAILURE: TRANSACTION LIMIT EXCEEDED,REF20250827-Q6JXNN,21-02-2024 13:26
77,5,100,DEPOSIT,UPI:phonepe,SUCCESS,REF20250827-JQIJC1,18-07-2022 03:07
78,75,355.23,TRANSFER_OUT,NEFT:External,FAILURE: REPEATED TRANSACTION,REF20250827-T8VT43,07-05-2024 19:29
79,44,107.93,TRANSFER_OUT,Vendor:Amazon,FAILURE: LOCKED ACCOUNT,REF20250827-UIKO4B,15-03-2025 18:49
80,44,100,TRANSFER_OUT,IMPS:External,FAILURE: REPEATED TRANSACTION,REF20250827-9F8Q8G,10-03-2023 07:01
81,29,100,DEPOSIT,Vendor:Amazon,FAILURE: LOCKED ACCOUNT,REF20250827-CYH3FV,17-10-2023 02:26
82,21,100,DEPOSIT,Card:VISA,FAILURE: TRANSACTION LIMIT EXCEEDED,REF20250827-OLJQ52,30-06-2025 21:23
83,63,128.41,TRANSFER_IN,Vendor:Amazon,FAILURE: LOCKED ACCOUNT,REF20250827-EFUU8D,05-08-2022 20:29
84,48,100,TRANSFER_OUT,NEFT:External,FAILURE: REPEATED TRANSACTION,REF20250827-KTMONR,01-06-2025 17:13
85,61,130.25,DEPOSIT,Salary:ACME Corp,FAILURE: REPEATED TRANSACTION,REF20250827-OWYOO5,02-05-2023 01:47
86,3,100,TRANSFER_OUT,Salary:ACME Corp,FAILURE: LOCKED ACCOUNT,REF20250827-6A3KKR,21-07-2022 08:17
87,72,188.28,DEPOSIT,IMPS:External,SUCCESS,REF20250827-P3JPXG,09-03-2023 14:49
88,15,186.83,TRANSFER_OUT,NEFT:External,FAILURE: TRANSACTION LIMIT EXCEEDED,REF20250827-SNC2CZ,06-04-2024 04:56
89,45,100,TRANSFER_OUT,Card:VISA,FAILURE: REPEATED TRANSACTION,REF20250827-5BG34I,23-07-2024 01:50
90,15,100,PAYMENT,IMPS:External,SUCCESS,REF20250827-HNQO7Y,11-05-2023 13:33
91,55,225.61,TRANSFER_IN,Vendor:Amazon,FAILURE: LOCKED ACCOUNT,REF20250827-G5VMF6,05-07-2022 10:22
92,68,136.86,DEPOSIT,UPI:phonepe,FAILURE: REPEATED TRANSACTION,REF20250827-FU84XY,06-07-2023 23:43
93,58,100,WITHDRAWAL,UPI:phonepe,SUCCESS,REF20250827-58YREG,18-01-2022 08:08
94,24,100,WITHDRAWAL,NEFT:External,FAILURE: REPEATED TRANSACTION,REF20250827-7ZZJ64,29-07-2024 09:10
95,25,111.79,DEPOSIT,Salary:ACME Corp,SUCCESS,REF20250827-Y3ODSX,06-02-2024 20:26
96,35,100,TRANSFER_IN,Card:VISA,SUCCESS,REF20250827-KYRMJL,22-07-2023 09:30
97,6,100,TRANSFER_OUT,IMPS:External,FAILURE: TRANSACTION LIMIT EXCEEDED,REF20250827-KF1622,13-05-2025 14:42
98,3,100,TRANSFER_OUT,IMPS:External,FAILURE: LOCKED ACCOUNT,REF20250827-FARK6O,14-03-2022 21:13
99,28,100,TRANSFER_OUT,Card:VISA,FAILURE: REPEATED TRANSACTION,REF20250827-3MZYWR,05-01-2024 18:28
100,30,113.13,WITHDRAWAL,UPI:paytm,FAILURE: LOCKED ACCOUNT,REF20250827-45GDEJ,18-02-2025 06:39
101,55,100,PAYMENT,Salary:ACME Corp,FAILURE: LOCKED ACCOUNT,REF20250827-XII5P5,01-02-2024 09:29
102,33,177.53,TRANSFER_IN,Vendor:Amazon,SUCCESS,REF20250827-4Q5V7C,03-02-2023 18:13
103,34,100,DEPOSIT,IMPS:External,FAILURE: LOCKED ACCOUNT,REF20250827-NKB4EH,18-04-2024 20:43
104,3,100,PAYMENT,Vendor:Amazon,FAILURE: LOCKED ACCOUNT,REF20250827-F5GCL9,04-10-2023 23:06
105,17,100,DEPOSIT,Vendor:Amazon,SUCCESS,REF20250827-J1G1R1,30-06-2022 04:42
106,16,100,TRANSFER_IN,IMPS:External,SUCCESS,REF20250827-PPRAT0,29-01-2022 11:43
107,42,132.23,TRANSFER_OUT,Card:VISA,FAILURE: REPEATED TRANSACTION,REF20250827-GYWIYM,22-09-2022 03:44
108,58,107.54,WITHDRAWAL,Card:VISA,FAILURE: LOCKED ACCOUNT,REF20250827-LCB8QS,09-12-2024 12:18
109,31,140.78,WITHDRAWAL,IMPS:External,FAILURE: REPEATED TRANSACTION,REF20250827-9M6MG8,06-04-2024 00:41
110,1,100,DEPOSIT,IMPS:External,FAILURE: LOCKED ACCOUNT,REF20250827-9HASEZ,18-03-2022 13:39
111,33,135.26,PAYMENT,Salary:ACME Corp,SUCCESS,REF20250827-1WVBD4,09-04-2022 04:12
112,32,236.98,WITHDRAWAL,Vendor:Amazon,SUCCESS,REF20250827-EJZHYA,11-05-2024 03:40
113,44,100,TRANSFER_OUT,Salary:ACME Corp,FAILURE: TRANSACTION LIMIT EXCEEDED,REF20250827-WZP6SW,02-08-2023 04:09
114,14,100,TRANSFER_OUT,Vendor:Amazon,FAILURE: TRANSACTION LIMIT EXCEEDED,REF20250827-HHJSHZ,28-08-2023 05:50
115,9,100,DEPOSIT,Vendor:Amazon,FAILURE: TRANSACTION LIMIT EXCEEDED,REF20250827-6YRIAD,15-08-2022 20:54
116,16,100,TRANSFER_OUT,UPI:paytm,FAILURE: REPEATED TRANSACTION,REF20250827-82C06X,24-07-2024 10:46
117,18,100,WITHDRAWAL,UPI:phonepe,FAILURE: TRANSACTION LIMIT EXCEEDED,REF20250827-DGBK2L,26-08-2022 03:27
118,28,100,PAYMENT,UPI:phonepe,SUCCESS,REF20250827-AEXL68,04-07-2023 03:23
119,69,181.4,WITHDRAWAL,Salary:ACME Corp,SUCCESS,REF20250827-GO8JN4,13-05-2024 23:37
120,73,100,PAYMENT,UPI:paytm,FAILURE: LOCKED ACCOUNT,REF20250827-EZC7FO,24-04-2025 17:34
121,35,100,TRANSFER_OUT,IMPS:External,FAILURE: TRANSACTION LIMIT EXCEEDED,REF20250827-PW2W55,25-09-2022 17:35
122,48,100,PAYMENT,UPI:phonepe,FAILURE: LOCKED ACCOUNT,REF20250827-5PCXA5,10-12-2024 20:59
123,27,100,TRANSFER_OUT,UPI:paytm,FAILURE: TRANSACTION LIMIT EXCEEDED,REF20250827-9YMSZD,25-05-2023 17:32
124,27,100,WITHDRAWAL,IMPS:External,FAILURE: REPEATED TRANSACTION,REF20250827-XF36WA,18-11-2022 18:24
125,29,137.28,TRANSFER_OUT,NEFT:External,FAILURE: LOCKED ACCOUNT,REF20250827-RF1LLK,04-11-2024 08:06
126,33,100,TRANSFER_IN,Vendor:Amazon,FAILURE: TRANSACTION LIMIT EXCEEDED,REF20250827-OIQ2Q4,04-07-2024 11:30
127,44,100,DEPOSIT,Vendor:Amazon,FAILURE: REPEATED TRANSACTION,REF20250827-0AOBT3,22-05-2025 22:32
128,83,193.82,TRANSFER_IN,Card:VISA,FAILURE: TRANSACTION LIMIT EXCEEDED,REF20250827-UXQM33,19-07-2024 12:05
129,44,100,TRANSFER_IN,Card:VISA,SUCCESS,REF20250827-VZNQDX,05-01-2022 12:25
130,59,109.62,WITHDRAWAL,IMPS:External,FAILURE: TRANSACTION LIMIT EXCEEDED,REF20250827-8KSZBF,15-10-2022 14:53
131,43,196.91,DEPOSIT,Card:VISA,FAILURE: LOCKED ACCOUNT,REF20250827-HE4H3G,24-11-2023 03:55
132,83,102.81,TRANSFER_OUT,UPI:phonepe,FAILURE: LOCKED ACCOUNT,REF20250827-74V1QX,29-10-2024 04:54
133,32,100,PAYMENT,UPI:phonepe,FAILURE: REPEATED TRANSACTION,REF20250827-TB74RS,29-12-2022 21:03
134,7,100,DEPOSIT,NEFT:External,FAILURE: LOCKED ACCOUNT,REF20250827-ENV5SN,01-06-2025 09:02
135,23,100,WITHDRAWAL,Salary:ACME Corp,FAILURE: REPEATED TRANSACTION,REF20250827-8QEOZ0,05-09-2023 19:56
136,48,109.81,PAYMENT,IMPS:External,FAILURE: REPEATED TRANSACTION,REF20250827-0THHZY,29-09-2022 23:40
137,10,116.57,PAYMENT,UPI:paytm,SUCCESS,REF20250827-SYLEMR,14-03-2025 15:11
138,30,100,TRANSFER_OUT,NEFT:External,FAILURE: TRANSACTION LIMIT EXCEEDED,REF20250827-T5PADN,19-04-2022 02:03
139,40,100,DEPOSIT,NEFT:External,SUCCESS,REF20250827-29YFC2,22-02-2023 19:42
140,76,129.16,DEPOSIT,NEFT:External,FAILURE: REPEATED TRANSACTION,REF20250827-QWYUIX,07-03-2024 08:39
141,75,100,TRANSFER_IN,NEFT:External,FAILURE: TRANSACTION LIMIT EXCEEDED,REF20250827-2KX7N8,03-10-2023 20:06
142,62,100,DEPOSIT,IMPS:External,FAILURE: LOCKED ACCOUNT,REF20250827-JW2536,24-01-2024 21:25
143,33,156.43,TRANSFER_IN,Card:VISA,FAILURE: REPEATED TRANSACTION,REF20250827-H0GQ9C,22-12-2022 18:42
144,36,100,DEPOSIT,UPI:phonepe,SUCCESS,REF20250827-PUEVJL,14-11-2022 01:27
145,64,100,DEPOSIT,Salary:ACME Corp,FAILURE: TRANSACTION LIMIT EXCEEDED,REF20250827-V1W4K2,31-01-2025 13:02
146,25,100,DEPOSIT,IMPS:External,SUCCESS,REF20250827-LHGCSO,04-01-2025 14:41
147,10,100,DEPOSIT,UPI:paytm,FAILURE: REPEATED TRANSACTION,REF20250827-5XLK8W,30-08-2024 20:26
148,7,100,TRANSFER_OUT,IMPS:External,FAILURE: LOCKED ACCOUNT,REF20250827-AYQ6WW,23-03-2022 11:41
149,81,136.77,WITHDRAWAL,NEFT:External,FAILURE: REPEATED TRANSACTION,REF20250827-8NTK63,07-02-2024 18:43
150,64,153.63,TRANSFER_OUT,Vendor:Amazon,SUCCESS,REF20250827-RKXLCD,06-01-2025 19:24
151,72,100,DEPOSIT,UPI:phonepe,FAILURE: REPEATED TRANSACTION,REF20250827-HWHY4H,10-06-2024 23:32
152,24,100,TRANSFER_OUT,UPI:phonepe,FAILURE: LOCKED ACCOUNT,REF20250827-0FQLDB,31-05-2023 20:19
153,42,100,DEPOSIT,NEFT:External,SUCCESS,REF20250827-IJNWPA,31-08-2022 19:28
154,9,100,DEPOSIT,IMPS:External,FAILURE: LOCKED ACCOUNT,REF20250827-W1VZC7,06-08-2022 10:33
155,17,110.37,TRANSFER_OUT,Salary:ACME Corp,FAILURE: LOCKED ACCOUNT,REF20250827-VK7N3B,17-11-2022 19:25
156,35,817.68,DEPOSIT,IMPS:External,SUCCESS,REF20250827-O2T8FY,04-02-2024 00:24
157,79,180.07,TRANSFER_IN,Card:VISA,FAILURE: TRANSACTION LIMIT EXCEEDED,REF20250827-FBUOTD,07-03-2023 12:31
158,54,146.61,DEPOSIT,IMPS:External,FAILURE: TRANSACTION LIMIT EXCEEDED,REF20250827-4FGWJE,07-03-2025 01:58
159,64,100,PAYMENT,Card:VISA,SUCCESS,REF20250827-QTKCD0,24-09-2024 12:02
160,25,127.77,WITHDRAWAL,IMPS:External,FAILURE: TRANSACTION LIMIT EXCEEDED,REF20250827-XDW6LQ,16-06-2025 11:07
161,50,100,TRANSFER_OUT,UPI:paytm,FAILURE: REPEATED TRANSACTION,REF20250827-UNLPAI,30-03-2023 23:19
162,33,100,WITHDRAWAL,NEFT:External,FAILURE: TRANSACTION LIMIT EXCEEDED,REF20250827-MYLRQ1,24-09-2024 20:05
163,80,324.93,DEPOSIT,IMPS:External,FAILURE: REPEATED TRANSACTION,REF20250827-V44FTJ,07-07-2025 02:47
164,81,100,TRANSFER_OUT,UPI:phonepe,FAILURE: TRANSACTION LIMIT EXCEEDED,REF20250827-4W3U1H,17-03-2022 20:04
165,74,100,WITHDRAWAL,Card:VISA,FAILURE: TRANSACTION LIMIT EXCEEDED,REF20250827-Q1NI10,19-08-2023 04:52
166,68,100,TRANSFER_IN,Card:VISA,FAILURE: LOCKED ACCOUNT,REF20250827-DNAI89,06-12-2022 18:43
167,10,100.23,DEPOSIT,UPI:paytm,SUCCESS,REF20250827-G8X80R,05-01-2024 01:28
168,82,100,DEPOSIT,Vendor:Amazon,SUCCESS,REF20250827-IJIYS2,05-03-2024 17:06
169,28,100,PAYMENT,UPI:phonepe,FAILURE: REPEATED TRANSACTION,REF20250827-BXD8WJ,24-06-2023 21:04
170,58,121.83,TRANSFER_IN,UPI:paytm,SUCCESS,REF20250827-NNV6CJ,02-04-2023 18:48
171,46,100,WITHDRAWAL,NEFT:External,FAILURE: TRANSACTION LIMIT EXCEEDED,REF20250827-5RRVSF,06-12-2022 08:22
172,24,105.39,DEPOSIT,IMPS:External,FAILURE: LOCKED ACCOUNT,REF20250827-KFFV3X,29-04-2024 12:01
173,27,100,TRANSFER_OUT,Vendor:Amazon,FAILURE: REPEATED TRANSACTION,REF20250827-YRVXOI,19-09-2022 20:52
174,36,104.4,TRANSFER_IN,UPI:paytm,SUCCESS,REF20250827-WBUCJG,10-04-2024 21:49
175,15,100,PAYMENT,IMPS:External,SUCCESS,REF20250827-AZXKDQ,23-08-2024 17:32
176,34,100,DEPOSIT,NEFT:External,FAILURE: LOCKED ACCOUNT,REF20250827-OFU1WS,10-12-2022 12:28
177,66,100,PAYMENT,Card:VISA,FAILURE: TRANSACTION LIMIT EXCEEDED,REF20250827-VINDH4,29-10-2024 15:17
178,43,134.13,TRANSFER_OUT,Card:VISA,FAILURE: TRANSACTION LIMIT EXCEEDED,REF20250827-DRWB2S,29-08-2022 03:23
179,27,100,TRANSFER_IN,UPI:paytm,SUCCESS,REF20250827-6TA7YP,11-05-2024 13:29
180,3,100,PAYMENT,IMPS:External,FAILURE: REPEATED TRANSACTION,REF20250827-TI22NV,25-03-2025 03:33
181,56,100,WITHDRAWAL,Salary:ACME Corp,FAILURE: TRANSACTION LIMIT EXCEEDED,REF20250827-RI4K5O,23-01-2023 00:11
182,58,100,TRANSFER_OUT,NEFT:External,FAILURE: TRANSACTION LIMIT EXCEEDED,REF20250827-ASSNH2,17-04-2024 13:11
183,26,100,DEPOSIT,Vendor:Amazon,FAILURE: LOCKED ACCOUNT,REF20250827-XJ4PNJ,24-03-2024 07:24
184,45,140.55,WITHDRAWAL,NEFT:External,FAILURE: TRANSACTION LIMIT EXCEEDED,REF20250827-UGUR9U,26-03-2024 05:01
185,18,101.62,PAYMENT,IMPS:External,SUCCESS,REF20250827-EI28DS,25-11-2023 20:02
186,3,218.25,TRANSFER_IN,IMPS:External,FAILURE: LOCKED ACCOUNT,REF20250827-ZF8ADF,14-05-2025 15:51
187,82,100,DEPOSIT,Salary:ACME Corp,FAILURE: LOCKED ACCOUNT,REF20250827-HCBN9W,03-12-2024 10:25
188,66,100,TRANSFER_OUT,Card:VISA,FAILURE: TRANSACTION LIMIT EXCEEDED,REF20250827-C1GRA4,27-11-2024 10:24
189,71,100,DEPOSIT,NEFT:External,FAILURE: REPEATED TRANSACTION,REF20250827-VSIGBI,01-01-2022 05:43
190,19,249.14,DEPOSIT,Salary:ACME Corp,FAILURE: REPEATED TRANSACTION,REF20250827-2MOVS0,21-05-2022 03:16
191,32,100,TRANSFER_IN,IMPS:External,FAILURE: REPEATED TRANSACTION,REF20250827-36M8JV,03-02-2023 16:33
192,71,100,PAYMENT,Card:VISA,FAILURE: TRANSACTION LIMIT EXCEEDED,REF20250827-AGSUSM,28-08-2022 18:41
193,65,100,PAYMENT,Card:VISA,FAILURE: REPEATED TRANSACTION,REF20250827-3UY8U1,27-11-2023 16:42
194,78,100,TRANSFER_OUT,Card:VISA,FAILURE: TRANSACTION LIMIT EXCEEDED,REF20250827-5RJN2H,16-04-2023 11:29
195,29,100,WITHDRAWAL,Salary:ACME Corp,FAILURE: LOCKED ACCOUNT,REF20250827-SA3IDY,02-12-2023 02:46
196,6,100,TRANSFER_IN,UPI:paytm,FAILURE: TRANSACTION LIMIT EXCEEDED,REF20250827-RM6J8Y,25-01-2023 18:10
197,22,100,TRANSFER_OUT,UPI:paytm,FAILURE: TRANSACTION LIMIT EXCEEDED,REF20250827-05HHIW,16-11-2022 03:53
198,37,331.5,DEPOSIT,UPI:phonepe,FAILURE: REPEATED TRANSACTION,REF20250827-YXW1TB,14-09-2024 13:30
199,64,100,TRANSFER_IN,Vendor:Amazon,FAILURE: LOCKED ACCOUNT,REF20250827-65UJG1,12-11-2024 10:12
200,31,106.92,WITHDRAWAL,NEFT:External,SUCCESS,REF20250827-UB2RTS,17-03-2024 06:21
201,43,100,TRANSFER_IN,UPI:phonepe,FAILURE: LOCKED ACCOUNT,REF20250827-ZQYAHU,29-10-2023 13:09
202,48,100,TRANSFER_IN,Salary:ACME Corp,FAILURE: REPEATED TRANSACTION,REF20250827-GJJ8MG,18-05-2024 07:39
203,19,100,WITHDRAWAL,NEFT:External,FAILURE: TRANSACTION LIMIT EXCEEDED,REF20250827-N4KGEU,14-04-2023 03:38
204,71,120.56,TRANSFER_OUT,NEFT:External,FAILURE: LOCKED ACCOUNT,REF20250827-IPNF8F,20-01-2022 06:25
205,45,100,WITHDRAWAL,UPI:paytm,FAILURE: LOCKED ACCOUNT,REF20250827-94SZ2K,25-02-2025 20:40
206,55,287.61,DEPOSIT,UPI:phonepe,FAILURE: REPEATED TRANSACTION,REF20250827-YC3RWQ,17-11-2023 09:27
207,22,100,WITHDRAWAL,Card:VISA,FAILURE: LOCKED ACCOUNT,REF20250827-U3MOMY,25-05-2025 07:14
208,73,115.33,TRANSFER_IN,IMPS:External,FAILURE: TRANSACTION LIMIT EXCEEDED,REF20250827-XG2MYR,04-07-2024 02:51
209,82,100,WITHDRAWAL,Salary:ACME Corp,FAILURE: TRANSACTION LIMIT EXCEEDED,REF20250827-Q85X7P,08-06-2025 20:48
210,59,100,WITHDRAWAL,UPI:phonepe,FAILURE: LOCKED ACCOUNT,REF20250827-CMLXZV,20-03-2024 09:52
211,1,100,PAYMENT,NEFT:External,FAILURE: REPEATED TRANSACTION,REF20250827-5NV8OG,17-02-2022 04:33
212,54,134.91,TRANSFER_OUT,IMPS:External,FAILURE: REPEATED TRANSACTION,REF20250827-J00HOD,27-08-2024 19:58
213,35,143.46,DEPOSIT,NEFT:External,FAILURE: TRANSACTION LIMIT EXCEEDED,REF20250827-O1CJFX,09-03-2024 11:15
214,22,193.71,DEPOSIT,IMPS:External,FAILURE: REPEATED TRANSACTION,REF20250827-KWE4BX,29-10-2023 17:20
215,29,131.97,TRANSFER_IN,NEFT:External,FAILURE: LOCKED ACCOUNT,REF20250827-TJQ8ZG,08-05-2025 16:37
216,7,118.23,TRANSFER_IN,IMPS:External,SUCCESS,REF20250827-5PXT6R,11-04-2023 03:15
217,22,112.83,WITHDRAWAL,Salary:ACME Corp,FAILURE: TRANSACTION LIMIT EXCEEDED,REF20250827-OFAS1E,11-08-2023 17:04
218,38,100,TRANSFER_IN,IMPS:External,FAILURE: REPEATED TRANSACTION,REF20250827-78RAPK,19-04-2023 00:15
219,31,100,TRANSFER_IN,UPI:paytm,FAILURE: LOCKED ACCOUNT,REF20250827-OUOF0O,14-02-2024 08:01
220,46,101.95,WITHDRAWAL,Vendor:Amazon,SUCCESS,REF20250827-WS2WYJ,25-12-2024 09:47
221,82,151.57,WITHDRAWAL,NEFT:External,FAILURE: REPEATED TRANSACTION,REF20250827-CEDQQZ,04-10-2024 06:50
222,31,100,WITHDRAWAL,UPI:paytm,FAILURE: LOCKED ACCOUNT,REF20250827-BTGDJZ,17-01-2022 08:28
223,61,128.19,DEPOSIT,UPI:phonepe,FAILURE: LOCKED ACCOUNT,REF20250827-RML29Q,06-03-2022 12:01
224,41,100,DEPOSIT,NEFT:External,FAILURE: REPEATED TRANSACTION,REF20250827-8C1CQG,28-05-2023 13:53
225,30,100,TRANSFER_OUT,UPI:phonepe,FAILURE: REPEATED TRANSACTION,REF20250827-9ZN9I9,12-02-2023 16:46
226,41,100,TRANSFER_OUT,UPI:phonepe,FAILURE: REPEATED TRANSACTION,REF20250827-S9RYLL,12-07-2025 01:32
227,43,100,TRANSFER_OUT,Card:VISA,FAILURE: TRANSACTION LIMIT EXCEEDED,REF20250827-SJWH55,23-03-2023 04:06
228,14,100,DEPOSIT,Vendor:Amazon,FAILURE: LOCKED ACCOUNT,REF20250827-LGJE2A,28-03-2022 21:09
229,24,102.52,TRANSFER_OUT,Vendor:Amazon,FAILURE: TRANSACTION LIMIT EXCEEDED,REF20250827-YF1IRY,25-11-2023 22:45
230,54,100,DEPOSIT,Salary:ACME Corp,FAILURE: REPEATED TRANSACTION,REF20250827-XZ2EI9,13-12-2023 15:58
231,49,100,TRANSFER_OUT,UPI:phonepe,SUCCESS,REF20250827-YME6RP,27-08-2023 19:45
232,11,100,TRANSFER_OUT,UPI:paytm,SUCCESS,REF20250827-UTLQ5V,09-02-2025 05:50
233,56,100,DEPOSIT,UPI:paytm,FAILURE: REPEATED TRANSACTION,REF20250827-Q3TQ1S,15-01-2023 00:40
234,53,100,TRANSFER_IN,Salary:ACME Corp,SUCCESS,REF20250827-1IZXTN,09-12-2024 18:06
235,8,128.67,TRANSFER_OUT,UPI:paytm,FAILURE: REPEATED TRANSACTION,REF20250827-WLXDSC,23-09-2022 06:30
236,22,120.91,PAYMENT,UPI:paytm,FAILURE: TRANSACTION LIMIT EXCEEDED,REF20250827-DGBXNR,01-07-2025 21:29
237,37,100,WITHDRAWAL,Salary:ACME Corp,FAILURE: REPEATED TRANSACTION,REF20250827-HZA7X7,13-06-2022 17:02
238,42,100,TRANSFER_OUT,UPI:phonepe,FAILURE: TRANSACTION LIMIT EXCEEDED,REF20250827-M0632C,17-06-2025 09:40
239,82,100,TRANSFER_IN,IMPS:External,FAILURE: LOCKED ACCOUNT,REF20250827-CK88D0,24-12-2024 14:01
240,73,234.41,DEPOSIT,Card:VISA,FAILURE: LOCKED ACCOUNT,REF20250827-XU8UU0,31-07-2025 20:59
241,19,100,WITHDRAWAL,Vendor:Amazon,FAILURE: REPEATED TRANSACTION,REF20250827-ZPD2TS,20-11-2022 19:26
242,78,100,PAYMENT,Vendor:Amazon,FAILURE: LOCKED ACCOUNT,REF20250827-76T94O,20-07-2025 15:40
243,80,117.11,TRANSFER_OUT,Salary:ACME Corp,FAILURE: TRANSACTION LIMIT EXCEEDED,REF20250827-VUH17J,15-07-2024 16:17
244,26,183.01,PAYMENT,UPI:phonepe,SUCCESS,REF20250827-09VS9K,08-09-2023 08:04
245,28,100,DEPOSIT,Salary:ACME Corp,SUCCESS,REF20250827-A3YJTU,16-03-2025 05:37
246,17,100,DEPOSIT,Vendor:Amazon,FAILURE: TRANSACTION LIMIT EXCEEDED,REF20250827-MENUI3,08-07-2022 20:46
247,28,113.33,WITHDRAWAL,UPI:paytm,FAILURE: REPEATED TRANSACTION,REF20250827-002G3Y,26-03-2025 03:28
248,51,136.78,TRANSFER_IN,Salary:ACME Corp,SUCCESS,REF20250827-B3N27M,08-06-2024 15:09
249,38,100,PAYMENT,UPI:phonepe,FAILURE: LOCKED ACCOUNT,REF20250827-5IXVA1,23-02-2024 01:58
250,37,100,WITHDRAWAL,UPI:phonepe,FAILURE: LOCKED ACCOUNT,REF20250827-LULZFY,15-03-2024 16:13
251,67,100,TRANSFER_OUT,Card:VISA,FAILURE: REPEATED TRANSACTION,REF20250827-SHKOEC,16-03-2025 01:47
252,3,183.26,TRANSFER_IN,Salary:ACME Corp,FAILURE: LOCKED ACCOUNT,REF20250827-DS1EEU,26-09-2024 14:23
253,58,100,TRANSFER_OUT,UPI:paytm,FAILURE: LOCKED ACCOUNT,REF20250827-U9SIJP,25-03-2025 03:15
254,69,196.38,DEPOSIT,Vendor:Amazon,SUCCESS,REF20250827-PMLVAK,18-12-2023 22:26
255,10,100,TRANSFER_OUT,NEFT:External,SUCCESS,REF20250827-PFB3HN,25-06-2022 04:05
256,19,100,TRANSFER_OUT,UPI:paytm,FAILURE: LOCKED ACCOUNT,REF20250827-8753AY,16-08-2022 11:06
257,4,100,TRANSFER_IN,UPI:phonepe,SUCCESS,REF20250827-L0HT1T,29-06-2025 05:08
258,76,100,TRANSFER_OUT,IMPS:External,FAILURE: REPEATED TRANSACTION,REF20250827-AUXBGK,19-06-2025 09:52
259,27,108.9,DEPOSIT,IMPS:External,FAILURE: TRANSACTION LIMIT EXCEEDED,REF20250827-8CXX6M,09-08-2022 00:41
260,47,100,WITHDRAWAL,IMPS:External,FAILURE: LOCKED ACCOUNT,REF20250827-N9SZ6R,07-05-2025 19:21
261,60,122.6,DEPOSIT,UPI:paytm,FAILURE: LOCKED ACCOUNT,REF20250827-SQ7AIT,15-11-2023 17:50
262,41,100,WITHDRAWAL,UPI:paytm,FAILURE: TRANSACTION LIMIT EXCEEDED,REF20250827-AYMK99,19-07-2023 02:15
263,66,100,TRANSFER_IN,Vendor:Amazon,FAILURE: REPEATED TRANSACTION,REF20250827-63BTKF,15-03-2024 23:55
264,12,146.19,DEPOSIT,IMPS:External,FAILURE: REPEATED TRANSACTION,REF20250827-N8WWII,09-11-2022 15:31
265,2,100,PAYMENT,Card:VISA,SUCCESS,REF20250827-LTHET2,10-10-2022 11:15
266,78,100,TRANSFER_OUT,Card:VISA,FAILURE: LOCKED ACCOUNT,REF20250827-6P61XU,20-11-2022 11:33
267,67,100,DEPOSIT,Card:VISA,FAILURE: REPEATED TRANSACTION,REF20250827-8EL501,27-04-2024 14:58
268,8,100,WITHDRAWAL,IMPS:External,SUCCESS,REF20250827-767J2D,14-01-2023 00:57
269,75,191.88,TRANSFER_OUT,Card:VISA,FAILURE: LOCKED ACCOUNT,REF20250827-WVWVIA,12-06-2022 17:21
270,27,100,DEPOSIT,NEFT:External,FAILURE: TRANSACTION LIMIT EXCEEDED,REF20250827-VZN4RE,31-01-2023 08:14
271,18,100,DEPOSIT,NEFT:External,FAILURE: TRANSACTION LIMIT EXCEEDED,REF20250827-878IYH,23-02-2023 02:24
272,79,100,DEPOSIT,Vendor:Amazon,FAILURE: TRANSACTION LIMIT EXCEEDED,REF20250827-5RLQIO,27-03-2022 22:08
273,11,106.96,TRANSFER_OUT,Vendor:Amazon,FAILURE: LOCKED ACCOUNT,REF20250827-ZO7UTX,20-03-2022 18:57
274,55,100,DEPOSIT,Vendor:Amazon,FAILURE: LOCKED ACCOUNT,REF20250827-3B9SO0,16-02-2025 14:06
275,10,100,TRANSFER_IN,IMPS:External,FAILURE: REPEATED TRANSACTION,REF20250827-8GP51K,07-12-2022 15:22
276,52,100,WITHDRAWAL,UPI:phonepe,SUCCESS,REF20250827-Y6QXDS,04-01-2023 21:18
277,15,100,PAYMENT,IMPS:External,FAILURE: TRANSACTION LIMIT EXCEEDED,REF20250827-TOLAQ6,18-02-2023 16:33
278,24,100.72,DEPOSIT,Salary:ACME Corp,FAILURE: REPEATED TRANSACTION,REF20250827-Y62ZEE,09-07-2024 23:05
279,53,100,WITHDRAWAL,Card:VISA,FAILURE: TRANSACTION LIMIT EXCEEDED,REF20250827-Z09WFT,31-03-2022 06:13
280,54,100,PAYMENT,Card:VISA,FAILURE: REPEATED TRANSACTION,REF20250827-55FF1B,23-09-2023 11:16
281,20,100,TRANSFER_OUT,Vendor:Amazon,FAILURE: TRANSACTION LIMIT EXCEEDED,REF20250827-KG68A1,26-01-2022 16:41
282,80,119.6,TRANSFER_IN,Vendor:Amazon,FAILURE: REPEATED TRANSACTION,REF20250827-TA5IVR,19-04-2024 16:05
283,7,100,DEPOSIT,Card:VISA,FAILURE: LOCKED ACCOUNT,REF20250827-A5KW3H,14-01-2023 05:23
284,32,150.98,DEPOSIT,Salary:ACME Corp,FAILURE: LOCKED ACCOUNT,REF20250827-B4Y4K7,11-04-2022 03:57
285,36,164.43,WITHDRAWAL,UPI:paytm,FAILURE: REPEATED TRANSACTION,REF20250827-FKXZUU,21-07-2024 21:04
286,57,100,WITHDRAWAL,UPI:phonepe,SUCCESS,REF20250827-DKNNCP,01-02-2025 02:21
287,25,100,WITHDRAWAL,UPI:paytm,FAILURE: TRANSACTION LIMIT EXCEEDED,REF20250827-E4LOHH,30-04-2022 03:58
288,30,100,TRANSFER_IN,IMPS:External,FAILURE: REPEATED TRANSACTION,REF20250827-TD0V2Z,24-05-2024 22:10
289,15,100,TRANSFER_OUT,Salary:ACME Corp,FAILURE: TRANSACTION LIMIT EXCEEDED,REF20250827-S9MEUS,18-07-2025 18:07
290,40,170.29,TRANSFER_IN,UPI:paytm,FAILURE: TRANSACTION LIMIT EXCEEDED,REF20250827-5IKGEQ,30-08-2022 07:32
291,79,100,TRANSFER_OUT,Vendor:Amazon,FAILURE: REPEATED TRANSACTION,REF20250827-OMUWAH,31-07-2023 09:15
292,64,100,TRANSFER_OUT,Salary:ACME Corp,FAILURE: TRANSACTION LIMIT EXCEEDED,REF20250827-KT1ELO,11-03-2025 22:25
293,73,100,PAYMENT,NEFT:External,FAILURE: LOCKED ACCOUNT,REF20250827-GLMY62,06-10-2022 17:31
294,18,100,DEPOSIT,Vendor:Amazon,FAILURE: LOCKED ACCOUNT,REF20250827-6TM2O0,03-12-2024 10:53
295,34,100,TRANSFER_IN,IMPS:External,SUCCESS,REF20250827-LTHY25,26-12-2023 02:24
296,36,100,PAYMENT,Salary:ACME Corp,FAILURE: REPEATED TRANSACTION,REF20250827-4MNTFV,19-01-2023 21:40
297,30,100,DEPOSIT,NEFT:External,FAILURE: LOCKED ACCOUNT,REF20250827-1ZLBOR,02-05-2023 13:31
298,28,110.33,TRANSFER_IN,Salary:ACME Corp,FAILURE: REPEATED TRANSACTION,REF20250827-HKE226,27-06-2024 18:25
299,50,153.1,DEPOSIT,Vendor:Amazon,SUCCESS,REF20250827-6FMR5L,02-11-2023 05:13
300,10,204.31,TRANSFER_OUT,UPI:phonepe,FAILURE: TRANSACTION LIMIT EXCEEDED,REF20250827-37YE0Q,05-12-2024 04:13
